# Copyright (C) 1991-2013 Altera Corporation
# Your use of Altera Corporation's design tools, logic functions 
# and other software and tools, and its AMPP partner logic 
# functions, and any output files from any of the foregoing 
# (including device programming or simulation files), and any 
# associated documentation or information are expressly subject 
# to the terms and conditions of the Altera Program License 
# Subscription Agreement, Altera MegaCore Function License 
# Agreement, or other applicable license agreement, including, 
# without limitation, that your use is for the sole purpose of 
# programming logic devices manufactured by Altera and sold by 
# Altera or its authorized distributors.  Please refer to the 
# applicable agreement for further details.

# Quartus II 64-Bit Version 13.1.0 Build 162 10/23/2013 SJ Web Edition
# File: C:\Users\aluno\Documents\BarmanEletronico\output_files\BarmanEletronico.csv
# Generated on: Tue Jun 21 14:49:40 2016

# Note: The column header names should not be changed if you wish to import this .csv file into the Quartus II software.

To,Direction,Location,I/O Bank,VREF Group,Fitter Location,I/O Standard,Reserved,Current Strength,Slew Rate,Differential Pair
binIN[15],Input,,,,PIN_M1,,,,,
binIN[14],Input,,,,PIN_U8,,,,,
binIN[13],Input,,,,PIN_F1,,,,,
binIN[12],Input,,,,PIN_Y2,,,,,
binIN[11],Input,,,,PIN_E1,,,,,
binIN[10],Input,,,,PIN_G8,,,,,
binIN[9],Input,,,,PIN_H6,,,,,
binIN[8],Input,,,,PIN_D2,,,,,
binIN[7],Input,,,,PIN_R21,,,,,
binIN[6],Input,,,,PIN_AA16,,,,,
binIN[5],Input,,,,PIN_E3,,,,,
binIN[4],Input,,,,PIN_R19,,,,,
binIN[3],Input,,,,PIN_H15,,,,,
binIN[2],Input,,,,PIN_B1,,,,,
binIN[1],Input,,,,PIN_T11,,,,,
binIN[0],Input,,,,PIN_H5,,,,,
hundreds[6],Output,PIN_F14,7,B7_N0,PIN_AB17,,,,,
hundreds[5],Output,PIN_B17,7,B7_N1,PIN_U15,,,,,
hundreds[4],Output,PIN_A17,7,B7_N1,PIN_G11,,,,,
hundreds[3],Output,PIN_E15,7,B7_N0,PIN_V14,,,,,
hundreds[2],Output,PIN_B16,7,B7_N1,PIN_R11,,,,,
hundreds[1],Output,PIN_A16,7,B7_N1,PIN_AA19,,,,,
hundreds[0],Output,PIN_D15,7,B7_N0,PIN_W14,,,,,
ones[6],Output,PIN_F13,7,B7_N1,PIN_T12,,,,,
ones[5],Output,PIN_F12,7,B7_N1,PIN_W15,,,,,
ones[4],Output,PIN_G12,7,B7_N1,PIN_F2,,,,,
ones[3],Output,PIN_H13,7,B7_N1,PIN_C7,,,,,
ones[2],Output,PIN_H12,7,B7_N1,PIN_Y13,,,,,
ones[1],Output,PIN_F11,7,B7_N1,PIN_E16,,,,,
ones[0],Output,PIN_E11,7,B7_N1,PIN_B5,,,,,
tens[6],Output,PIN_A15,7,B7_N1,PIN_U14,,,,,
tens[5],Output,PIN_E14,7,B7_N1,PIN_AA21,,,,,
tens[4],Output,PIN_B14,7,B7_N1,PIN_C4,,,,,
tens[3],Output,PIN_A14,7,B7_N1,PIN_V12,,,,,
tens[2],Output,PIN_C13,7,B7_N1,PIN_M16,,,,,
tens[1],Output,PIN_B13,7,B7_N1,PIN_AB14,,,,,
tens[0],Output,PIN_A13,7,B7_N1,PIN_T14,,,,,
thousands[6],Output,PIN_G15,7,B7_N0,PIN_V4,,,,,
thousands[5],Output,PIN_D19,7,B7_N0,PIN_AA14,,,,,
thousands[4],Output,PIN_C19,7,B7_N0,PIN_AB20,,,,,
thousands[3],Output,PIN_B19,7,B7_N0,PIN_W13,,,,,
thousands[2],Output,PIN_A19,7,B7_N0,PIN_AA22,,,,,
thousands[1],Output,PIN_F15,7,B7_N0,PIN_G18,,,,,
thousands[0],Output,PIN_B18,7,B7_N0,PIN_Y17,,,,,
